id_question,Answer
TE,"Yes, Uber's policy clearly outlines its data collection practices. The policy specifies the types of data it collects from users, including contact information, user content, and information related to the use of its apps, websites, features, or other services. This also includes data collected from individuals who start but do not complete their applications to be drivers or delivery persons. The policy mentions that this notice applies to all users of Uber's services globally. Part 1"
TM,"
Uber's privacy policy does not specifically mention a government data access policy that refuses government access to data, except when required by law or in cases of imminent risk. However, it does state that Uber may share your information ""With law enforcement officials, government authorities, or other third parties if we believe your actions are inconsistent with our User agreements, Terms of Service, or policies, or to protect the rights, property, or safety of Uber or others"". Reference Part 1"
TH,"The policy explicitly states that Uber shares user data when necessary to enforce its terms of service, user agreements, or other policies, or to protect Uber's rights or property. This includes dealing with law enforcement, public health officials, other government authorities, and airports. This is done to maintain their services' integrity, safeguard their business interests, and protect users and the community. However, it's important to note that while the policy mentions these general conditions for data sharing, it does not elaborate on how potential conflicts of interest in data usage or sharing are specifically addressed.Part 4"
UCE,"Uber provides users with a variety of controls to manage their privacy settings via the Uber app. Users can navigate to the Settings > Privacy menu in the app to control location data collection and sharing, emergency data sharing, and notifications. For example, riders and order recipients have the ability to either enable or disable Uber's access to location data from their mobile devices through their device settings, which are accessible via the app. Additionally, riders can choose whether or not to allow Uber to share their real-time location data with their drivers. This is also managed within the app's settings. In case of emergencies, Uber offers a feature that allows riders to opt-in or opt-out of sharing real-time location data with emergency services like police, fire, and ambulance. This data could include the rider's approximate location at the time of the emergency call, the car's details, the rider's personal information, as well as pickup and dropoff locations, and driver details. This feature can be accessed and managed through the app's Safety Center. Similarly, drivers and delivery persons can choose to enable or disable this emergency data sharing feature through their respective app settings. Part 5"
UCM,"Yes, Uber provides clear mechanisms for users to request data deletion or access. Users can access and control their data through privacy settings, device permissions, in-app ratings pages, and marketing choices. They can also request access to or copies of their data, make changes or updates to their accounts, request deletion of their accounts, or request that Uber restrict its processing of user data. The deletion of user accounts and data can be requested at any time through the Uber app's settings and privacy menus or through Uber's website. However, Uber might retain user data after a deletion request due to legal or regulatory requirements, safety, security, and fraud prevention purposes, or due to unresolved issues related to the user's account. For riders and order recipients, their data is generally deleted within 90 days of a deletion request, except where retention is necessary. Part 5 





"
UCH,"Uber enables its users to manage their consent and withdrawal of consent through various settings and options. This includes privacy settings in the Uber app that allow users to manage how Uber collects and uses their data. Further, users can control the data Uber has access to through the permission settings on their device. For instance, users can decide whether Uber can access their location data, contacts, photos, and more. In addition, the in-app ratings pages let users control the sharing of their ratings and feedback. Uber also provides options to opt out of receiving promotional emails or messages for marketing purposes. Finally, Uber allows users to request access to their data, make changes or updates to their accounts, request deletion of their accounts, or request that Uber restrict its processing of user data. Thus, Uber provides various avenues for users to manage and withdraw their consent. Part 4"
DME,"No, According to Uber's privacy policy, they retain user data for as long as necessary to fulfill the purposes for which it was collected. The length of time that data is kept depends on the type of data, the category of user, and the purposes for which the data was collected. Further factors that may influence data retention include legal and regulatory requirements, purposes of safety, security, and fraud prevention, or issues relating to the user's account such as an outstanding credit or an unresolved claim or dispute. Part 5"
DMM,"Uber's policy does not detail specific procedures for anonymizing or aggregating user data to protect individual privacy. It mentions measures like encryption and pseudonymization as part of their broader data protection strategies, but it doesn't outline how these practices are specifically applied to the anonymization or aggregation of user data. Part 1"
DMH,No explicit mention. Reference :N/A
SEE,"Uber does not mention the use of end-to-end encryption specifically. It only states that they employ robust data protection measures, which include the use of encryption and pseudonymization to protect users' data from unauthorized access or disclosure. However, this does not necessarily mean they use end-to-end encryption for communications.Part 1"
SEM,"
Yes, Uber's privacy policy does mention robust protection of data while in transit and when processed on their servers. They mention the use of encryption and pseudonymization as measures taken to protect users' identities from unauthorized disclosure. Reference Part 1"
SEH,No information provided . Reference : N/A
PDE,Not mentioned explicitly in policy. Reference :N/A
PDM,Not mentioned explicitly in policy. Reference :N/A
PDH,"Yes, Uber does use automated decision-making or profiling. The impact on user privacy revolves mainly around personalized marketing and advertising. The company uses user data to create tailored marketing communications, Uber ads, restaurant and merchant ads, and third party ads. This is based on observed or inferred user interests and characteristics. However, Uber provides users with the choice to control the use of their data for these purposes, mitigating potential privacy concerns.

Reference (Part 6 of the policy)"
RCE,"Yes, the privacy policy is regularly updated, and these updates are communicated to users. If significant changes are made, Uber will notify users in advance through the Uber apps or other means, such as email. Users are also encouraged to periodically review the privacy notice for the latest information on Uber's privacy practices. If users continue to use Uber's services after an update, it constitutes their consent to the updated notice, as far as permitted by law. (ChatGPT: P6)"
RCM,"Yes, there is a process in place to address user privacy complaints. Users can request that Uber stops using all or some of their data, or limits its use. They can object to Uber's use of their data based on Uber's legitimate interests. Despite such objections or requests, Uber may continue to process data as required or permitted by law. Moreover, depending on their location, users may have the right to file a complaint about Uber's handling of their data with the data protection authority in their country. This is particularly noted for users in the European Union and South America. Part 5"
RCH,Not mentioned explicitly in policy. Reference :N/A
AEEE,"
Uber's privacy policy does not specifically mention any training of personnel responsible for managing personal data. Reference N/A"
AEEM,"Uber's privacy policy mentions privacy settings menu in the Uber app that allows riders and order recipients to set or update their preferences regarding location data collection and sharing, emergency data sharing, and notifications. Privacy Center is also available in web version. Location data collection (riders and order recipients) Riders and order recipients can enable/disable Uber to collect location data from their mobile devices through their device settings, which can be accessed via the Settings Privacy Location menu. Reference:Part 5"
AEEH,"Yes, Uber offers user-friendly resources to help users manage their privacy settings and understand their data rights. They enable users to access and control data through privacy settings, device permissions, in-app ratings pages, and marketing choices. Users can also request access to or copies of their data, make changes or updates to their accounts, request deletion of their accounts, or request that Uber restrict its processing of user data. The Settings Privacy menu in the Uber app allows users to set or update their preferences regarding data collection and sharing, and notifications. Moreover, Uber's Privacy Center is available in a web version, and Uber offers ways for users to learn about, control, and submit questions and comments about how Uber handles their data. Users can access their profile data and trip or order history through the Uber apps or via Uber's website. (Part 5)"
CAE,"Yes, Policy states that Uber transfers data based on agreements with users, user instructions or prior consent, adequacy decisions for relevant countries, or other mechanisms as may be available under applicable law. Furthermore, they may also transfer data to other countries to respond to requests from law enforcement agencies. This suggests that Uber's policy is designed to comply with applicable privacy laws and regulations.(Part 1)"
CAM,Not mentioned explicitly in policy. Reference :N/A
CAH,"The policy mentions that users may request Uber to stop using all or some of their data, or limit its use. This includes objecting to data use based on Uber's legitimate interests. However, Uber may continue to process data after such an objection or request to the extent required or permitted by law.

Depending on their location, users may have the right to file a complaint relating to Uber's handling of their data with the data protection authority in their country. Users in the European Union and South America, for example, may submit such requests to the data protection authorities in their country.

Users residing in the U.S. may request a review of Uber's decision in the event Uber cannot meet or denies a user's data request.

However, there isn't a direct reference in the policy to a specific process in place for reporting and addressing privacy violations or non-compliance issues, both internally and with third-party vendors. (Part 5)"
